CODIGO_ID,Leyenda,N1_cobert,D_nivel1,N2_cobert,D_nivel2,N3_cobert,D_nivel3,area_ha_2016,macro_id,macro_class,macro_palette,source_rule,train_umc_ha,use_for_training
125,1.2.5. Obras hidraúlicas,1.0,Territorios artificializados,12.0,Zonas industriales o comerciales y redes de comunicación,125.0,Obras hidraúlicas,0.5812073439406896,0,Artificial,Artificial,n1_artificial,0.5,True
211,2.1.1. Otros cultivos transitorios,2.0,Territorios agrícolas,21.0,Cultivos transitorios,211.0,Otros cultivos transitorios,1560.9713093448074,1,Cultivos,Cultivos,n2_crops,1.0,True
212,2.1.2. Cereales,2.0,Territorios agrícolas,21.0,Cultivos transitorios,212.0,Cereales,20.009341513443907,1,Cultivos,Cultivos,n2_crops,1.0,True
213,2.1.3. Oleaginosas y leguminosas,2.0,Territorios agrícolas,21.0,Cultivos transitorios,213.0,Oleaginosas y leguminosas,93.61134387938036,1,Cultivos,Cultivos,n2_crops,1.0,True
214,2.1.4. Hortalizas,2.0,Territorios agrícolas,21.0,Cultivos transitorios,214.0,Hortalizas,85.18153414955525,1,Cultivos,Cultivos,n2_crops,1.0,True
231,2.3.1. Pastos limpios,2.0,Territorios agrícolas,23.0,Pastos,231.0,Pastos limpios,11866.355268734582,2,Pastos_y_mosaicos,Pastos_y_mosaicos,n2_pastures,1.0,True
231,2.3.1. Pastos limpios,2.0,Territorios agrícolas,23.0,Pastos,231.0,Pastos limpios ,3585.18777699381,2,Pastos_y_mosaicos,Pastos_y_mosaicos,n2_pastures,1.0,True
232,2.3.2. Pastos arbolados,2.0,Territorios agrícolas,23.0,Pastos,232.0,Pastos arbolados,1373.7191220802342,2,Pastos_y_mosaicos,Pastos_y_mosaicos,n2_pastures,1.0,True
233,2.3.3. Pastos enmalezados,2.0,Territorios agrícolas,23.0,Pastos,231.0,Pastos enmalezados,7.9900574106940025,2,Pastos_y_mosaicos,Pastos_y_mosaicos,n2_pastures,1.0,True
233,2.3.3. Pastos enmalezados,2.0,Territorios agrícolas,23.0,Pastos,233.0,Pastos enmalezados,2567.763192187528,2,Pastos_y_mosaicos,Pastos_y_mosaicos,n2_pastures,1.0,True
241,2.4.1. Mosaico de cultivos,2.0,Territorios agrícolas,24.0,Áreas agrícolas heterogéneas,241.0,Mosaico de cultivos,669.4946645641751,2,Pastos_y_mosaicos,Pastos_y_mosaicos,n2_pastures,1.0,True
242,2.4.2. Mosaico de pastos y cultivos,2.0,Territorios agrícolas,24.0,Áreas agrícolas heterogéneas,242.0,Mosaico de pastos y cultivos,993.8743177892411,2,Pastos_y_mosaicos,Pastos_y_mosaicos,n2_pastures,1.0,True
243,"2.4.3. Mosaico de cultivos, pastos y espacios naturales",2.0,Territorios agrícolas,24.0,Áreas agrícolas heterogéneas,243.0,"Mosaico de cultivos, pastos y espacios naturales",294.9289693151418,2,Pastos_y_mosaicos,Pastos_y_mosaicos,n2_pastures,1.0,True
244,2.4.4. Mosaico de pastos con espacios naturales,2.0,Territorios agrícolas,24.0,Áreas agrícolas heterogéneas,244.0,Mosaico de pastos con espacios naturales,153.31104436858175,2,Pastos_y_mosaicos,Pastos_y_mosaicos,n2_pastures,1.0,True
245,2.4.5. Mosaico de cultivos con espacios naturales,2.0,Territorios agrícolas,24.0,Áreas agrícolas heterogéneas,245.0,Mosaico de cultivos y espacios naturales,27.881591050954604,2,Pastos_y_mosaicos,Pastos_y_mosaicos,n2_pastures,1.0,True
333,3.3.3. Tierras desnudas y degradadas,3.0,Bosques y áreas seminaturales,33.0,"Áreas abiertas, sin o con poca vegetación",333.0,Tierras desnudas y degradadas,5.605339136101904,8,Suelo_desnudo_rocoso,Suelo_desnudo_rocoso,n2_bare_rock,1.0,True
411,4.1.1. Humedales y Zonas Pantanosas,4.0,Areas húmedas,41.0,Áreas húmedas continentales,411.0,Zonas pantanosas,252.69814648029788,7,Humedal,Humedal,n1_wetland,1.0,True
412,4.1.2. Turberas,4.0,Areas húmedas,41.0,Áreas húmedas continentales,412.0,Turberas,1048.1304177892969,7,Humedal,Humedal,n1_wetland,1.0,True
511,5.1.1. Ríos,5.0,Superficies de agua,51.0,Aguas  continentales,511.0,Ríos,423.84625726466743,9,Agua,Agua,n1_water,0.5,True
512,"5.1.2. Lagunas, lagos y ciénagas naturales",5.0,Superficies de agua,51.0,Aguas  continentales,512.0,"Lagunas, lagos y ciénagas naturales",310.49093972672927,9,Agua,Agua,n1_water,0.5,True
513,5.1.3. Canales,5.0,Superficies de agua,51.0,Aguas  continentales,513.0,Canales,20.24554521463531,9,Agua,Agua,n1_water,0.5,True
1111,1.1.1.1. Ciudad capital,1.0,Territorios artificializados,11.0,Zonas urbanizadas,111.0,Tejido urbano continuo,388.38287303281686,0,Artificial,Artificial,n1_artificial,0.5,True
1112,1.1.1.2. Casco Urbanos,1.0,Territorios artificializados,11.0,Zonas urbanizadas,111.0,Tejido urbano continuo,138.55960727053295,0,Artificial,Artificial,n1_artificial,0.5,True
1121,1.1.2.1. Otros tejidos urbanos discontinuos,1.0,Territorios artificializados,11.0,Zonas urbanizadas,112.0,Tejido urbano discontinuo,139.6807356384026,0,Artificial,Artificial,n1_artificial,0.5,True
1131,1.1.3.1. Vivienda rural dispersa,1.0,Territorios artificializados,11.0,Zonas urbanizadas,113.0,Vivienda rural,132.2526608107943,0,Artificial,Artificial,n1_artificial,0.5,True
1132,1.1.3.2. Vivienda rural nucleada,1.0,Territorios artificializados,11.0,Zonas urbanizadas,113.0,Vivienda rural,71.04646266541656,0,Artificial,Artificial,n1_artificial,0.5,True
1133,1.1.3.3 Condominio de vivienda,1.0,Territorios artificializados,11.0,Zonas urbanizadas,113.0,Vivienda rural,141.0905183935966,0,Artificial,Artificial,n1_artificial,0.5,True
1211,1.2.1.1. Zonas industriales,1.0,Territorios artificializados,12.0,Zonas industriales o comerciales y redes de comunicación,121.0,Zonas industriales o comerciales,5.362003591458848,0,Artificial,Artificial,n1_artificial,0.5,True
1241,1.2.4.1. Aeropuerto con infraestructura asociada,1.0,Territorios artificializados,12.0,Zonas industriales o comerciales y redes de comunicación,124.0,Aeropuertos,92.04575353235589,0,Artificial,Artificial,n1_artificial,0.5,True
1251,1.2.5.1. Bocatomas y tanques de acueducto,1.0,Territorios artificializados,12.0,Zonas industriales o comerciales y redes de comunicación,125.0,Obras hidraúlicas,16.65192577908617,0,Artificial,Artificial,n1_artificial,0.5,True
1252,1.2.5.2. Presa,1.0,Territorios artificializados,12.0,Zonas industriales o comerciales y redes de comunicación,125.0,Obras hidraúlicas,1.6718747131657803,0,Artificial,Artificial,n1_artificial,0.5,True
1253,1.2.5.3. Lagunas de oxidación,1.0,Territorios artificializados,12.0,Zonas industriales o comerciales y redes de comunicación,125.0,Obras hidraúlicas,0.9253905274797016,0,Artificial,Artificial,n1_artificial,0.5,True
1315,1.3.1.5. Explotación de materiales de construcción,1.0,Territorios artificializados,13.0,Zonas de extracción minera y escombreras,131.0,Zonas de extracción minera,258.53563025434744,0,Artificial,Artificial,n1_artificial,0.5,True
1321,1.3.2.1. Otros sitios de disposición de residuos a cielo abierto,1.0,Territorios artificializados,13.0,Zonas de extracción minera y escombreras,132.0,Zonas de disposición de residuos,5.423965269434743,0,Artificial,Artificial,n1_artificial,0.5,True
1322,1.3.2.2. Escombreras,1.0,Territorios artificializados,13.0,Zonas de extracción minera y escombreras,132.0,Zonas de disposición de residuos,17.611770873557212,0,Artificial,Artificial,n1_artificial,0.5,True
1411,1.4.1.1. Otras zonas verdes urbanas,1.0,Territorios artificializados,14.0,Zonas verdes artificiaizadas no agrícolas,141.0,Zonas verdes urbanas,31.176385842020522,0,Artificial,Artificial,n1_artificial,0.5,True
1412,1.4.1.2. Parques cementerios,1.0,Territorios artificializados,14.0,Zonas verdes artificiaizadas no agrícolas,141.0,Zonas verdes urbanas,124.80654190524923,0,Artificial,Artificial,n1_artificial,0.5,True
1415,1.4.1.5. Parques urbanos,1.0,Territorios artificializados,14.0,Zonas verdes artificiaizadas no agrícolas,141.0,Zonas verdes urbanas,39.20189450978156,0,Artificial,Artificial,n1_artificial,0.5,True
1422,1.4.2.2. Áreas deportivas,1.0,Territorios artificializados,14.0,Zonas verdes artificiaizadas no agrícolas,142.0,Instalaciones recreativas,1.7094796797260285,0,Artificial,Artificial,n1_artificial,0.5,True
1424,1.4.2.4. Parques recreativos,1.0,Territorios artificializados,14.0,Zonas verdes artificiaizadas no agrícolas,142.0,Instalaciones recreativas,0.8000600377841922,0,Artificial,Artificial,n1_artificial,0.5,True
2122,2.1.2.2. Maíz,2.0,Territorios agrícolas,21.0,Cultivos transitorios,212.0,Cereales,103.79335478075868,1,Cultivos,Cultivos,n2_crops,1.0,True
2124,2.1.2.4. Cebada,2.0,Territorios agrícolas,21.0,Cultivos transitorios,212.0,Cereales,1.5636360701631347,1,Cultivos,Cultivos,n2_crops,1.0,True
2133,2.1.3.3. Fríjol,2.0,Territorios agrícolas,21.0,Cultivos transitorios,213.0,Oleaginosas y leguminosas,1.6564407020043745,1,Cultivos,Cultivos,n2_crops,1.0,True
2142,2.1.4.2. Zanahoria,2.0,Territorios agrícolas,21.0,Cultivos transitorios,214.0,Hortalizas,14.9625866042738,1,Cultivos,Cultivos,n2_crops,1.0,True
2151,2.1.5.1. Papa,2.0,Territorios agrícolas,21.0,Cultivos transitorios,215.0,Tubérculos,6040.197232802626,1,Cultivos,Cultivos,n2_crops,1.0,True
2217,2.2.1.7. Fresa,2.0,Territorios agrícolas,22.0,Cultivos permanentes,221.0,Cultivos permanentes herbáceos,23.163736006137388,1,Cultivos,Cultivos,n2_crops,1.0,True
2221,2.2.2.1. Otros cultivos permanentes arbustivos,2.0,Territorios agrícolas,22.0,Cultivos permanentes,222.0,Cultivos permanentes arbustivos,5.839037736311525,1,Cultivos,Cultivos,n2_crops,1.0,True
2241,2.2.4.1. Pastos y árboles plantados,2.0,Territorios agrícolas,22.0,Cultivos permanentes,224.0,Cultivos agroforestales,2.238046512414485,1,Cultivos,Cultivos,n2_crops,1.0,True
2251,2.2.5.1. Otros cultivos confinados,2.0,Territorios agrícolas,22.0,Cultivos permanentes,225.0,Cultivos confinados,5.326917922156328,1,Cultivos,Cultivos,n2_crops,1.0,True
2252,2.2.5.2. Flores,2.0,Territorios agrícolas,22.0,Cultivos permanentes,225.0,Cultivos confinados,317.7428089987969,1,Cultivos,Cultivos,n2_crops,1.0,True
3132,3.1.3.2. Bosque fragmentado con vegetación secundaria,3.0,Bosques y áreas seminaturales,31.0,Bosques,313.0,Bosque fragmentado,36.352490633678116,3,Bosque,Bosque,n2_forest,1.0,True
3142,3.1.4.2. Bosque de galería arbolado,3.0,Bosques y áreas seminaturales,31.0,Bosques,314.0,Bosque de galería y ripario,344.3591879117579,3,Bosque,Bosque,n2_forest,1.0,True
3143,3.1.4.3. Bosque de galeria con arbustal y herbazal,3.0,Bosques y áreas seminaturales,31.0,Bosques,314.0,Bosque de galería y ripario,1296.3566977862017,3,Bosque,Bosque,n2_forest,1.0,True
3144,3.1.4.4. Bosque de galería mixto,3.0,Bosques y áreas seminaturales,31.0,Bosques,314.0,Bosque de galería y ripario,203.65603134780196,3,Bosque,Bosque,n2_forest,1.0,True
3151,3.1.5.1. Plantación de coníferas,3.0,Bosques y áreas seminaturales,31.0,Bosques,315.0,Plantación foresta,23.81531710047635,3,Bosque,Bosque,n2_forest,1.0,True
3153,3.1.5.3. Mixta: Plantación y espacios naturales,3.0,Bosques y áreas seminaturales,31.0,Bosques,315.0,Plantación foresta,725.1731833630673,3,Bosque,Bosque,n2_forest,1.0,True
3221,3.2.2.1. Arbustal denso,3.0,Bosques y áreas seminaturales,32.0,Áreas con vegetación herbácea y/o arbustiva,322.0,Arbustal ,1931.4673042751717,4,Arbustal_y_secundaria,Arbustal_y_secundaria,n2_shrub_secondary,1.0,True
3221,3.2.2.1. Arbustal denso,3.0,Bosques y áreas seminaturales,32.0,Áreas con vegetación herbácea y/o arbustiva,322.0,Arbustal,2613.0927244093086,4,Arbustal_y_secundaria,Arbustal_y_secundaria,n2_shrub_secondary,1.0,True
3231,3.2.3.1. Vegetación secundaria alta,3.0,Bosques y áreas seminaturales,32.0,Áreas con vegetación herbácea y/o arbustiva,323.0,Vegetación secundaria o en transición,2867.6059968943096,4,Arbustal_y_secundaria,Arbustal_y_secundaria,n2_shrub_secondary,1.0,True
3232,3.2.3.2. Vegetación secundaria baja,3.0,Bosques y áreas seminaturales,32.0,Áreas con vegetación herbácea y/o arbustiva,323.0,Vegetación secundaria o en transición,1112.6442156731205,4,Arbustal_y_secundaria,Arbustal_y_secundaria,n2_shrub_secondary,1.0,True
3321,3.3.2.1. Afloramiento rocoso masivo,3.0,Bosques y áreas seminaturales,33.0,"Áreas abiertas, sin o con poca vegetación",332.0,Afloramientos rocosos,395.9897413731185,8,Suelo_desnudo_rocoso,Suelo_desnudo_rocoso,n2_bare_rock,1.0,True
3322,3.3.2.2. Afloramiento rocoso fragmentado,3.0,Bosques y áreas seminaturales,33.0,"Áreas abiertas, sin o con poca vegetación",332.0,Afloramientos rocosos,695.0117418796453,8,Suelo_desnudo_rocoso,Suelo_desnudo_rocoso,n2_bare_rock,1.0,True
3331,3.3.3.1. Áreas erosionadas,3.0,Bosques y áreas seminaturales,33.0,"Áreas abiertas, sin o con poca vegetación",333.0,Tierras desnudas y degradadas,84.87322330130205,8,Suelo_desnudo_rocoso,Suelo_desnudo_rocoso,n2_bare_rock,1.0,True
3332,3.3.3.2. Remosión en masa,3.0,Bosques y áreas seminaturales,33.0,"Áreas abiertas, sin o con poca vegetación",333.0,Tierras desnudas y degradadas,4.543926423197043,8,Suelo_desnudo_rocoso,Suelo_desnudo_rocoso,n2_bare_rock,1.0,True
3341,3.3.4.1. Zonas quemadas naturales,3.0,Bosques y áreas seminaturales,33.0,"Áreas abiertas, sin o con poca vegetación",334.0,Zonas quemadas,162.5674071321814,8,Suelo_desnudo_rocoso,Suelo_desnudo_rocoso,n2_bare_rock,1.0,True
3342,3.3.4.2. Zonas quemadas antrópicas,3.0,Bosques y áreas seminaturales,33.0,"Áreas abiertas, sin o con poca vegetación",334.0,Zonas quemadas,37.09373178573532,8,Suelo_desnudo_rocoso,Suelo_desnudo_rocoso,n2_bare_rock,1.0,True
4131,4.1.3.1. Vegetación acuática flotante,4.0,Areas húmedas,41.0,Áreas húmedas continentales,413.0,Vegetación acuática sobre cuerpos de agua,28.541824457203838,7,Humedal,Humedal,n1_wetland,1.0,True
4132,4.1.3.2. Vegetación acuatica enraizada,4.0,Areas húmedas,41.0,Áreas húmedas continentales,413.0,Vegetación acuática sobre cuerpos de agua,31.305199742352023,7,Humedal,Humedal,n1_wetland,1.0,True
5141,5.1.4.1. Embalses,5.0,Superficies de agua,51.0,Aguas  continentales,514.0,Cuerpos de agua artificiales,2.982422373572202,9,Agua,Agua,n1_water,0.5,True
5143,5.1.4.3. Estanques de reserva,5.0,Superficies de agua,51.0,Aguas  continentales,514.0,Cuerpos de agua artificiales,6.146053214514373,9,Agua,Agua,n1_water,0.5,True
12111,1.2.1.1.1. Otras zonas industriales,1.0,Territorios artificializados,12.0,Zonas industriales o comerciales y redes de comunicación,121.0,Zonas industriales o comerciales,88.6014762297874,0,Artificial,Artificial,n1_artificial,0.5,True
12117,1.2.1.1.7. Agroindustria,1.0,Territorios artificializados,12.0,Zonas industriales o comerciales y redes de comunicación,121.0,Zonas industriales o comerciales,12.325705351813106,0,Artificial,Artificial,n1_artificial,0.5,True
12118,1.2.1.1.8. Central eléctrica,1.0,Territorios artificializados,12.0,Zonas industriales o comerciales y redes de comunicación,121.0,Zonas industriales o comerciales,16.72770444648283,0,Artificial,Artificial,n1_artificial,0.5,True
12121,1.2.1.2.1. Otras zonas comerciales,1.0,Territorios artificializados,12.0,Zonas industriales o comerciales y redes de comunicación,121.0,Zonas industriales o comerciales,8.950392589801204,0,Artificial,Artificial,n1_artificial,0.5,True
12125,1.2.1.2.5. Zonas dotacionales,1.0,Territorios artificializados,12.0,Zonas industriales o comerciales y redes de comunicación,121.0,Zonas industriales o comerciales,0.4105315330144694,0,Artificial,Artificial,n1_artificial,0.5,True
12221,1.2.2.2.1. Red ferroviaria,1.0,Territorios artificializados,12.0,Zonas industriales o comerciales y redes de comunicación,122.0,"Red vial, ferroviaria y terrenos asociados",0.33863226005809477,0,Artificial,Artificial,n1_artificial,0.5,True
14212,1.4.2.1.2. Zonas religiosas,1.0,Territorios artificializados,14.0,Zonas verdes artificiaizadas no agrícolas,142.0,Instalaciones recreativas,5.865399357777014,0,Artificial,Artificial,n1_artificial,0.5,True
14223,1.4.2.2.3. Estadios y campos de futbol,1.0,Territorios artificializados,14.0,Zonas verdes artificiaizadas no agrícolas,142.0,Instalaciones recreativas,52.41910973544148,0,Artificial,Artificial,n1_artificial,0.5,True
14224,1.4.2.2.4. Campo de golf,1.0,Territorios artificializados,14.0,Zonas verdes artificiaizadas no agrícolas,142.0,Instalaciones recreativas,5.152233124171302,0,Artificial,Artificial,n1_artificial,0.5,True
14231,1.4.2.3.1. Club y hotel campestre,1.0,Territorios artificializados,14.0,Zonas verdes artificiaizadas no agrícolas,142.0,Instalaciones recreativas,111.694643219436,0,Artificial,Artificial,n1_artificial,0.5,True
14233,1.4.2.3.3. Finca recreativay/o de descanso,1.0,Territorios artificializados,14.0,Zonas verdes artificiaizadas no agrícolas,142.0,Instalaciones recreativas,119.24114533543042,0,Artificial,Artificial,n1_artificial,0.5,True
14234,1.4.2.3.4. Restaurante y/o discotecas,1.0,Territorios artificializados,14.0,Zonas verdes artificiaizadas no agrícolas,142.0,Instalaciones recreativas,13.446818382355833,0,Artificial,Artificial,n1_artificial,0.5,True
31111,3.1.1.1.1. Bosque denso alto de tierra firme,3.0,Bosques y áreas seminaturales,31.0,Bosques,311.0,Bosque denso,44.009284518231475,3,Bosque,Bosque,n2_forest,1.0,True
31121,3.1.1.2.1. Bosque denso bajo de tierra firme,3.0,Bosques y áreas seminaturales,31.0,Bosques,311.0,Bosque denso,7084.295504268125,3,Bosque,Bosque,n2_forest,1.0,True
31221,3.1.2.2.1. Bosque abierto bajo de tierra firme,3.0,Bosques y áreas seminaturales,31.0,Bosques,312.0,Bosque abierto,364.076043406789,3,Bosque,Bosque,n2_forest,1.0,True
31511,3.1.5.1.1. Pino,3.0,Bosques y áreas seminaturales,31.0,Bosques,315.0,Plantación foresta,1461.1761706647,3,Bosque,Bosque,n2_forest,1.0,True
31512,3.1.5.1.2. Ciprés,3.0,Bosques y áreas seminaturales,31.0,Bosques,315.0,Plantación foresta,131.36131215197395,3,Bosque,Bosque,n2_forest,1.0,True
31521,3.1.5.2.1. Otras plantaciones de latifoliadas,3.0,Bosques y áreas seminaturales,31.0,Bosques,315.0,Plantación foresta,164.53714847404598,3,Bosque,Bosque,n2_forest,1.0,True
31522,3.1.5.2.2. Eucalipto,3.0,Bosques y áreas seminaturales,31.0,Bosques,315.0,Plantación foresta,869.8096464845727,3,Bosque,Bosque,n2_forest,1.0,True
31524,3.1.5.2.4. Acacia,3.0,Bosques y áreas seminaturales,31.0,Bosques,315.0,Plantación foresta,25.864208478238762,3,Bosque,Bosque,n2_forest,1.0,True
32121,3.2.1.2.1. Herbazal abierto arenoso,3.0,Bosques y áreas seminaturales,32.0,Áreas con vegetación herbácea y/o arbustiva,321.0,Herbazal,2.8072164647242395,5,Herbazal,Herbazal,n2_herbaceous_321,1.0,True
32122,3.2.1.2.2. Herbazal abierto rocoso,3.0,Bosques y áreas seminaturales,32.0,Áreas con vegetación herbácea y/o arbustiva,321.0,Herbazal,4821.068696664497,5,Herbazal,Herbazal,n2_herbaceous_321,1.0,True
32221,3.2.2.2.1. Arbustal abierto esclerófilo,3.0,Bosques y áreas seminaturales,32.0,Áreas con vegetación herbácea y/o arbustiva,322.0,Arbustal,12.088614916948954,4,Arbustal_y_secundaria,Arbustal_y_secundaria,n2_shrub_secondary,1.0,True
32222,3.2.2.2.2. Arbustal abierto mesófilo,3.0,Bosques y áreas seminaturales,32.0,Áreas con vegetación herbácea y/o arbustiva,322.0,Arbustal,3316.790649346082,4,Arbustal_y_secundaria,Arbustal_y_secundaria,n2_shrub_secondary,1.0,True
32222,3.2.2.2.2. Arbustal abierto mesófilo,3.0,Bosques y áreas seminaturales,32.0,Áreas con vegetación herbácea y/o arbustiva,322.0,Arbustal ,536.3535075454572,4,Arbustal_y_secundaria,Arbustal_y_secundaria,n2_shrub_secondary,1.0,True
121110,1.2.1.1.10. Subestación eléctrica,1.0,Territorios artificializados,12.0,Zonas industriales o comerciales y redes de comunicación,121.0,Zonas industriales o comerciales,0.24143784767415227,0,Artificial,Artificial,n1_artificial,0.5,True
121112,1.2.1.1.12. Subestación eléctrica,1.0,Territorios artificializados,12.0,Zonas industriales o comerciales y redes de comunicación,121.0,Zonas industriales o comerciales,1.3215023871801208,0,Artificial,Artificial,n1_artificial,0.5,True
121171,1.2.1.1.7.1. Ganadera,1.0,Territorios artificializados,12.0,Zonas industriales o comerciales y redes de comunicación,121.0,Zonas industriales o comerciales,0.30271640500521446,0,Artificial,Artificial,n1_artificial,0.5,True
121172,1.2.1.1.7.2. Avícola,1.0,Territorios artificializados,12.0,Zonas industriales o comerciales y redes de comunicación,121.0,Zonas industriales o comerciales,9.312823434663953,0,Artificial,Artificial,n1_artificial,0.5,True
121261,1.2.1.2.6.1. Instalación educativa,1.0,Territorios artificializados,12.0,Zonas industriales o comerciales y redes de comunicación,121.0,Zonas industriales o comerciales,334.2864245289752,0,Artificial,Artificial,n1_artificial,0.5,True
121262,1.2.1.2.6.2. Instalación de salud,1.0,Territorios artificializados,12.0,Zonas industriales o comerciales y redes de comunicación,121.0,Zonas industriales o comerciales,2.145642906576856,0,Artificial,Artificial,n1_artificial,0.5,True
121263,1.2.1.2.6.3. Instalación militar,1.0,Territorios artificializados,12.0,Zonas industriales o comerciales y redes de comunicación,121.0,Zonas industriales o comerciales,90.75379509942334,0,Artificial,Artificial,n1_artificial,0.5,True
122111,1.2.2.1.1.1. Via pavimentada,1.0,Territorios artificializados,12.0,Zonas industriales o comerciales y redes de comunicación,122.0,"Red vial, ferroviaria y terrenos asociados",213.78795118920638,0,Artificial,Artificial,n1_artificial,0.5,True
122112,1.2.2.1.1.2. Via sin pavimentar,1.0,Territorios artificializados,12.0,Zonas industriales o comerciales y redes de comunicación,122.0,"Red vial, ferroviaria y terrenos asociados",325.3089787744557,0,Artificial,Artificial,n1_artificial,0.5,True
122121,"1.2.2.1.2.1. Paradero, parqueadero y/o terminal",1.0,Territorios artificializados,12.0,Zonas industriales o comerciales y redes de comunicación,122.0,"Red vial, ferroviaria y terrenos asociados",40.015847784971484,0,Artificial,Artificial,n1_artificial,0.5,True
122124,1.2.2.1.2.4. Separadores viales,1.0,Territorios artificializados,12.0,Zonas industriales o comerciales y redes de comunicación,122.0,"Red vial, ferroviaria y terrenos asociados",4.407506978853172,0,Artificial,Artificial,n1_artificial,0.5,True
321111,3.2.1.1.1.1. Herbazal denso de tierra firme no arbolado,3.0,Bosques y áreas seminaturales,32.0,Áreas con vegetación herbácea y/o arbustiva,321.0,Herbazal,24442.291088397993,5,Herbazal,Herbazal,n2_herbaceous_321,1.0,True
321112,3.2.1.1.1.2. Herbazal denso de tierra firme arbolado,3.0,Bosques y áreas seminaturales,32.0,Áreas con vegetación herbácea y/o arbustiva,321.0,Herbazal,148.3963243967397,5,Herbazal,Herbazal,n2_herbaceous_321,1.0,True
321113,3.2.1.1.1.3. Herbazal denso de tierra firme con arbustos,3.0,Bosques y áreas seminaturales,32.0,Áreas con vegetación herbácea y/o arbustiva,321.0,Herbazal,14333.186843814043,5,Herbazal,Herbazal,n2_herbaceous_321,1.0,True
321114,3.2.1.1.1.4. Frailejonal,3.0,Bosques y áreas seminaturales,32.0,Áreas con vegetación herbácea y/o arbustiva,321.0,Herbazal,19183.19935860246,6,Frailejonal,Frailejonal,frailejonal_override,1.0,True
321121,3.2.1.1.2.1. Herbazal denso inundable no arbolado,3.0,Bosques y áreas seminaturales,32.0,Áreas con vegetación herbácea y/o arbustiva,321.0,Herbazal,1360.6168361123182,5,Herbazal,Herbazal,n2_herbaceous_321,1.0,True
321122,3.2.1.1.2.2. Herbazal denso inundable arbolado,3.0,Bosques y áreas seminaturales,32.0,Áreas con vegetación herbácea y/o arbustiva,321.0,Herbazal,70.92825554816943,5,Herbazal,Herbazal,n2_herbaceous_321,1.0,True
321125,3.2.1.1.2.5. Chuscal,3.0,Bosques y áreas seminaturales,32.0,Áreas con vegetación herbácea y/o arbustiva,321.0,Herbazal,12.34456124633316,5,Herbazal,Herbazal,n2_herbaceous_321,1.0,True
